Leg,Site,H,Cor,T,   Sc,LL(m),CL(m),Top(mbsf),Comment
208,1264,A,  1,H,    1, 1.50, 1.50,     0.00,
208,1264,A,  1,H,    2, 1.50, 1.50,     1.50,
208,1264,A,  1,H,    3, 1.50, 1.50,     3.00,
208,1264,A,  1,H,    4, 1.50, 1.50,     4.50,
208,1264,A,  1,H,    5, 1.50, 1.50,     6.00,
208,1264,A,  1,H,    6, 1.00, 1.00,     7.50,
208,1264,A,  1,H,    7, 0.57, 0.57,     8.50,
208,1264,A,  1,H,CC(7), 0.28, 0.28,     9.07,
208,1264,A,  2,H,    1, 1.50, 1.50,     9.30,
208,1264,A,  2,H,    2, 1.50, 1.50,    10.80,
208,1264,A,  2,H,    3, 1.50, 1.50,    12.30,
208,1264,A,  2,H,    4, 1.50, 1.50,    13.80,
208,1264,A,  2,H,    5, 1.50, 1.50,    15.30,
208,1264,A,  2,H,    6, 1.50, 1.50,    16.80,
208,1264,A,  2,H,    7, 0.64, 0.64,    18.30,
208,1264,A,  2,H,CC(7), 0.20, 0.20,    18.94,
208,1264,A,  3,H,    1, 1.50, 1.50,    18.80,
208,1264,A,  3,H,    2, 1.50, 1.50,    20.30,
208,1264,A,  3,H,    3, 1.50, 1.50,    21.80,
208,1264,A,  3,H,    4, 1.50, 1.50,    23.30,
208,1264,A,  3,H,    5, 1.50, 1.50,    24.80,
208,1264,A,  3,H,    6, 1.20, 1.20,    26.30,
208,1264,A,  3,H,    7, 0.60, 0.60,    27.50,
208,1264,A,  3,H,CC(7), 0.24, 0.24,    28.10,
208,1264,A,  4,H,    1, 1.50, 1.50,    28.30,
208,1264,A,  4,H,    2, 1.50, 1.50,    29.80,
208,1264,A,  4,H,    3, 1.50, 1.50,    31.30,
208,1264,A,  4,H,    4, 1.50, 1.50,    32.80,
208,1264,A,  4,H,    5, 1.50, 1.50,    34.30,
208,1264,A,  4,H,    6, 1.50, 1.50,    35.80,
208,1264,A,  4,H,    7, 0.50, 0.50,    37.30,
208,1264,A,  4,H,CC(7), 0.28, 0.28,    37.80,
208,1264,A,  5,H,    1, 1.50, 1.50,    37.80,
208,1264,A,  5,H,    2, 1.50, 1.50,    39.30,
208,1264,A,  5,H,    3, 1.50, 1.50,    40.80,
208,1264,A,  5,H,    4, 1.50, 1.50,    42.30,
208,1264,A,  5,H,    5, 1.50, 1.50,    43.80,
208,1264,A,  5,H,    6, 1.50, 1.50,    45.30,
208,1264,A,  5,H,    7, 0.62, 0.62,    46.80,
208,1264,A,  5,H,CC(7), 0.18, 0.18,    47.42,
208,1264,A,  6,H,    1, 1.50, 1.50,    47.30,
208,1264,A,  6,H,    2, 1.50, 1.50,    48.80,
208,1264,A,  6,H,    3, 1.50, 1.50,    50.30,
208,1264,A,  6,H,    4, 1.00, 1.00,    51.80,
208,1264,A,  6,H,    5, 0.88, 0.88,    52.80,
208,1264,A,  6,H,    6, 1.30, 1.30,    53.68,
208,1264,A,  6,H,    7, 0.92, 0.92,    54.98,
208,1264,A,  6,H,CC(7), 0.39, 0.39,    55.90,
208,1264,A,  7,H,    1, 1.50, 1.50,    56.80,
208,1264,A,  7,H,    2, 1.50, 1.50,    58.30,
208,1264,A,  7,H,    3, 1.50, 1.50,    59.80,
208,1264,A,  7,H,    4, 1.50, 1.50,    61.30,
208,1264,A,  7,H,    5, 1.50, 1.50,    62.80,
208,1264,A,  7,H,    6, 1.50, 1.50,    64.30,
208,1264,A,  7,H,    7, 0.79, 0.79,    65.80,
208,1264,A,  7,H,CC(7), 0.26, 0.26,    66.59,
208,1264,A,  8,H,    1, 1.50, 1.50,    66.30,
208,1264,A,  8,H,    2, 1.50, 1.50,    67.80,
208,1264,A,  8,H,    3, 1.50, 1.50,    69.30,
208,1264,A,  8,H,    4, 1.50, 1.50,    70.80,
208,1264,A,  8,H,    5, 1.50, 1.50,    72.30,
208,1264,A,  8,H,    6, 1.50, 1.50,    73.80,
208,1264,A,  8,H,    7, 0.34, 0.34,    75.30,
208,1264,A,  8,H,CC(7), 0.18, 0.18,    75.64,
208,1264,A,  9,H,    1, 1.50, 1.50,    75.80,
208,1264,A,  9,H,    2, 1.50, 1.50,    77.30,
208,1264,A,  9,H,    3, 1.50, 1.50,    78.80,
208,1264,A,  9,H,    4, 1.50, 1.50,    80.30,
208,1264,A,  9,H,    5, 1.50, 1.50,    81.80,
208,1264,A,  9,H,    6, 1.38, 1.38,    83.30,
208,1264,A,  9,H,   CC, 0.17, 0.17,    84.68,
208,1264,A, 10,H,    1, 1.50, 1.50,    85.30,
208,1264,A, 10,H,    2, 1.50, 1.50,    86.80,
208,1264,A, 10,H,    3, 1.50, 1.50,    88.30,
208,1264,A, 10,H,    4, 1.50, 1.50,    89.80,
208,1264,A, 10,H,    5, 1.50, 1.50,    91.30,
208,1264,A, 10,H,    6, 1.47, 1.47,    92.80,
208,1264,A, 10,H,   CC, 0.11, 0.11,    94.27,
208,1264,A, 11,H,    1, 1.50, 1.50,    94.80,
208,1264,A, 11,H,    2, 1.50, 1.50,    96.30,
208,1264,A, 11,H,    3, 1.50, 1.50,    97.80,
208,1264,A, 11,H,    4, 1.50, 1.50,    99.30,
208,1264,A, 11,H,    5, 1.50, 1.50,   100.80,
208,1264,A, 11,H,    6, 1.50, 1.50,   102.30,
208,1264,A, 11,H,    7, 0.83, 0.83,   103.80,
208,1264,A, 11,H,CC(7), 0.17, 0.17,   104.63,
208,1264,A, 12,H,    1, 1.50, 1.50,   104.30,
208,1264,A, 12,H,    2, 1.50, 1.50,   105.80,
208,1264,A, 12,H,    3, 1.50, 1.50,   107.30,
208,1264,A, 12,H,    4, 1.50, 1.50,   108.80,
208,1264,A, 12,H,    5, 1.50, 1.50,   110.30,
208,1264,A, 12,H,    6, 1.50, 1.50,   111.80,
208,1264,A, 12,H,    7, 0.91, 0.91,   113.30,
208,1264,A, 12,H,CC(7), 0.12, 0.12,   114.21,
208,1264,A, 13,H,    1, 1.50, 1.50,   113.80,
208,1264,A, 13,H,    2, 1.50, 1.50,   115.30,
208,1264,A, 13,H,    3, 1.50, 1.50,   116.80,
208,1264,A, 13,H,    4, 1.50, 1.50,   118.30,
208,1264,A, 13,H,    5, 1.50, 1.50,   119.80,
208,1264,A, 13,H,    6, 1.00, 1.00,   121.30,
208,1264,A, 13,H,    7, 0.72, 0.72,   122.30,
208,1264,A, 13,H,CC(7), 0.21, 0.21,   123.02,
208,1264,A, 14,H,    1, 1.50, 1.50,   123.30,
208,1264,A, 14,H,    2, 1.50, 1.50,   124.80,
208,1264,A, 14,H,    3, 1.50, 1.50,   126.30,
208,1264,A, 14,H,    4, 1.50, 1.50,   127.80,
208,1264,A, 14,H,    5, 1.50, 1.50,   129.30,
208,1264,A, 14,H,    6, 1.50, 1.50,   130.80,
208,1264,A, 14,H,    7, 0.41, 0.41,   132.30,"0/0"
208,1264,A, 14,H,CC(7), 0.24, 0.24,   132.71,
208,1264,A, 15,H,    1, 1.50, 1.50,   132.80,
208,1264,A, 15,H,    2, 1.50, 1.50,   134.30,
208,1264,A, 15,H,    3, 1.50, 1.50,   135.80,
208,1264,A, 15,H,    4, 1.50, 1.50,   137.30,
208,1264,A, 15,H,    5, 1.50, 1.50,   138.80,
208,1264,A, 15,H,    6, 1.00, 1.00,   140.30,
208,1264,A, 15,H,    7, 0.68, 0.68,   141.30,
208,1264,A, 15,H,CC(7), 0.19, 0.19,   141.98,
208,1264,A, 16,H,    1, 1.50, 1.50,   142.30,
208,1264,A, 16,H,    2, 1.50, 1.50,   143.80,
208,1264,A, 16,H,    3, 1.50, 1.50,   145.30,
208,1264,A, 16,H,    4, 1.50, 1.50,   146.80,
208,1264,A, 16,H,    5, 1.50, 1.50,   148.30,
208,1264,A, 16,H,    6, 1.50, 1.50,   149.80,
208,1264,A, 16,H,    7, 0.60, 0.60,   151.30,
208,1264,A, 16,H,CC(7), 0.28, 0.28,   151.90,
208,1264,A, 17,H,    1, 1.50, 1.50,   151.80,
208,1264,A, 17,H,    2, 1.50, 1.50,   153.30,
208,1264,A, 17,H,    3, 1.50, 1.50,   154.80,
208,1264,A, 17,H,    4, 1.50, 1.50,   156.30,
208,1264,A, 17,H,    5, 1.50, 1.50,   157.80,
208,1264,A, 17,H,    6, 1.20, 1.20,   159.30,
208,1264,A, 17,H,    7, 0.65, 0.65,   160.50,"0/0"
208,1264,A, 17,H,CC(7), 0.10, 0.10,   161.15,"1/0 All to PAL."
208,1264,A, 18,H,    1, 1.50, 1.50,   161.30,
208,1264,A, 18,H,    2, 1.50, 1.50,   162.80,
208,1264,A, 18,H,    3, 1.50, 1.50,   164.30,
208,1264,A, 18,H,    4, 1.50, 1.50,   165.80,
208,1264,A, 18,H,    5, 1.50, 1.50,   167.30,
208,1264,A, 18,H,    6, 1.50, 1.50,   168.80,
208,1264,A, 18,H,    7, 0.63, 0.63,   170.30,
208,1264,A, 18,H,CC(N), 0.10, 0.10,   170.93,"0/0 All to PAL."
208,1264,A, 19,H,    1, 1.50, 1.50,   170.80,
208,1264,A, 19,H,    2, 1.50, 1.50,   172.30,
208,1264,A, 19,H,    3, 1.50, 1.50,   173.80,
208,1264,A, 19,H,    4, 1.50, 1.50,   175.30,
208,1264,A, 19,H,    5, 1.50, 1.50,   176.80,
208,1264,A, 19,H,    6, 1.35, 1.35,   178.30,
208,1264,A, 19,H,   CC, 0.16, 0.16,   179.65,
208,1264,A, 20,H,    1, 1.50, 1.50,   180.30,
208,1264,A, 20,H,    2, 1.50, 1.50,   181.80,
208,1264,A, 20,H,    3, 1.50, 1.50,   183.30,
208,1264,A, 20,H,    4, 1.50, 1.50,   184.80,
208,1264,A, 20,H,    5, 1.50, 1.50,   186.30,
208,1264,A, 20,H,    6, 1.50, 1.50,   187.80,
208,1264,A, 20,H,    7, 0.79, 0.79,   189.30,
208,1264,A, 20,H,   CC, 0.13, 0.13,   190.09,
208,1264,A, 21,H,    1, 1.50, 1.50,   189.80,
208,1264,A, 21,H,    2, 1.50, 1.50,   191.30,
208,1264,A, 21,H,    3, 1.50, 1.50,   192.80,
208,1264,A, 21,H,    4, 1.50, 1.50,   194.30,
208,1264,A, 21,H,    5, 1.50, 1.50,   195.80,
208,1264,A, 21,H,    6, 1.39, 1.39,   197.30,"0/0"
208,1264,A, 21,H,   CC, 0.18, 0.18,   198.69,
208,1264,A, 22,H,    1, 1.50, 1.50,   199.30,
208,1264,A, 22,H,    2, 1.50, 1.50,   200.80,
208,1264,A, 22,H,    3, 1.50, 1.50,   202.30,
208,1264,A, 22,H,    4, 1.50, 1.50,   203.80,
208,1264,A, 22,H,    5, 1.50, 1.50,   205.30,
208,1264,A, 22,H,    6, 1.50, 1.50,   206.80,
208,1264,A, 22,H,    7, 0.48, 0.48,   208.30,
208,1264,A, 22,H,CC(7), 0.19, 0.19,   208.78,
208,1264,A, 23,H,    1, 1.50, 1.50,   208.80,
208,1264,A, 23,H,    2, 1.50, 1.50,   210.30,
208,1264,A, 23,H,    3, 1.50, 1.50,   211.80,
208,1264,A, 23,H,    4, 1.50, 1.50,   213.30,
208,1264,A, 23,H,    5, 1.50, 1.50,   214.80,
208,1264,A, 23,H,    6, 1.20, 1.20,   216.30,
208,1264,A, 23,H,    7, 0.72, 0.72,   217.50,
208,1264,A, 23,H,CC(7), 0.15, 0.15,   218.22,
208,1264,A, 24,H,    1, 1.50, 1.50,   218.30,
208,1264,A, 24,H,    2, 1.50, 1.50,   219.80,
208,1264,A, 24,H,    3, 1.50, 1.50,   221.30,
208,1264,A, 24,H,    4, 1.50, 1.50,   222.80,
208,1264,A, 24,H,    5, 1.50, 1.50,   224.30,
208,1264,A, 24,H,    6, 1.50, 1.50,   225.80,
208,1264,A, 24,H,    7, 0.75, 0.75,   227.30,
208,1264,A, 24,H,CC(7), 0.25, 0.25,   228.05,
208,1264,A, 25,H,    1, 1.50, 1.50,   227.80,
208,1264,A, 25,H,    2, 1.50, 1.50,   229.30,
208,1264,A, 25,H,    3, 0.82, 0.82,   230.80,
208,1264,A, 25,H,CC(3), 0.29, 0.29,   231.62,
208,1264,A, 26,H,    1, 1.50, 1.50,   237.30,
208,1264,A, 26,H,    2, 1.50, 1.50,   238.80,
208,1264,A, 26,H,    3, 1.50, 1.50,   240.30,
208,1264,A, 26,H,    4, 1.50, 1.50,   241.80,
208,1264,A, 26,H,    5, 1.50, 1.50,   243.30,
208,1264,A, 26,H,    6, 1.27, 1.27,   244.80,
208,1264,A, 26,H,CC(6), 0.19, 0.19,   246.07,
208,1264,A, 27,H,    1, 1.50, 1.50,   246.80,
208,1264,A, 27,H,    2, 1.01, 1.01,   248.30,
208,1264,A, 27,H,CC(2), 0.35, 0.35,   249.31,
208,1264,A, 28,H,    1, 1.50, 1.50,   256.30,
208,1264,A, 28,H,    2, 1.50, 1.50,   257.80,
208,1264,A, 28,H,    3, 1.50, 1.50,   259.30,"0/0"
208,1264,A, 28,H,    4, 0.69, 0.69,   260.80,
208,1264,A, 28,H,CC(4), 0.28, 0.28,   261.49,"0/0"
208,1264,A, 29,H,    1, 1.50, 1.50,   261.70,
208,1264,A, 29,H,    2, 1.50, 1.50,   263.20,
208,1264,A, 29,H,    3, 1.50, 1.50,   264.70,
208,1264,A, 29,H,    4, 1.50, 1.50,   266.20,
208,1264,A, 29,H,    5, 1.50, 1.50,   267.70,
208,1264,A, 29,H,    6, 1.50, 1.50,   269.20,
208,1264,A, 29,H,    7, 0.69, 0.69,   270.70,
208,1264,A, 29,H,CC(7), 0.13, 0.13,   271.39,
208,1264,A, 30,H,    1, 1.50, 1.50,   271.20,
208,1264,A, 30,H,    2, 1.50, 1.50,   272.70,
208,1264,A, 30,H,    3, 1.50, 1.50,   274.20,
208,1264,A, 30,H,    4, 1.50, 1.50,   275.70,
208,1264,A, 30,H,    5, 1.50, 1.50,   277.20,
208,1264,A, 30,H,    6, 1.50, 1.50,   278.70,
208,1264,A, 30,H,    7, 0.55, 0.55,   280.20,
208,1264,A, 30,H,CC(7), 0.16, 0.16,   280.75,
208,1264,B,  1,H,    1, 1.50, 1.50,     0.00,
208,1264,B,  1,H,    2, 1.50, 1.50,     1.50,
208,1264,B,  1,H,    3, 1.50, 1.50,     3.00,
208,1264,B,  1,H,    4, 1.50, 1.50,     4.50,
208,1264,B,  1,H,    5, 1.26, 1.26,     6.00,
208,1264,B,  1,H,CC(5), 0.12, 0.12,     7.26,
208,1264,B,  2,H,    1, 1.50, 1.50,     7.30,
208,1264,B,  2,H,    2, 1.50, 1.50,     8.80,
208,1264,B,  2,H,    3, 1.50, 1.50,    10.30,
208,1264,B,  2,H,    4, 1.50, 1.50,    11.80,
208,1264,B,  2,H,    5, 1.50, 1.50,    13.30,
208,1264,B,  2,H,    6, 1.50, 1.50,    14.80,
208,1264,B,  2,H,    7, 0.78, 0.78,    16.30,
208,1264,B,  2,H,CC(N), 0.10, 0.10,    17.08,"All to PAL."
208,1264,B,  3,H,    1, 1.50, 1.50,    16.80,
208,1264,B,  3,H,    2, 1.50, 1.50,    18.30,
208,1264,B,  3,H,    3, 1.50, 1.50,    19.80,
208,1264,B,  3,H,    4, 1.48, 1.48,    21.30,
208,1264,B,  3,H,    5, 1.50, 1.50,    22.78,
208,1264,B,  3,H,    6, 1.50, 1.50,    24.28,
208,1264,B,  3,H,    7, 0.80, 0.80,    25.78,
208,1264,B,  3,H,CC(7), 0.14, 0.14,    26.58,
208,1264,B,  4,H,    1, 1.50, 1.50,    26.30,
208,1264,B,  4,H,    2, 1.50, 1.50,    27.80,
208,1264,B,  4,H,    3, 1.50, 1.50,    29.30,
208,1264,B,  4,H,    4, 1.50, 1.50,    30.80,
208,1264,B,  4,H,    5, 1.50, 1.50,    32.30,
208,1264,B,  4,H,    6, 1.50, 1.50,    33.80,
208,1264,B,  4,H,    7, 0.65, 0.65,    35.30,
208,1264,B,  4,H,CC(7), 0.16, 0.16,    35.95,
208,1264,B,  5,H,    1, 1.50, 1.50,    35.80,
208,1264,B,  5,H,    2, 1.50, 1.50,    37.30,
208,1264,B,  5,H,    3, 1.50, 1.50,    38.80,
208,1264,B,  5,H,    4, 1.50, 1.50,    40.30,
208,1264,B,  5,H,    5, 1.50, 1.50,    41.80,
208,1264,B,  5,H,    6, 1.50, 1.50,    43.30,
208,1264,B,  5,H,    7, 0.64, 0.64,    44.80,
208,1264,B,  5,H,CC(7), 0.10, 0.10,    45.44,"All to PAL."
208,1264,B,  6,H,    1, 1.50, 1.50,    45.30,
208,1264,B,  6,H,    2, 1.50, 1.50,    46.80,
208,1264,B,  6,H,    3, 1.50, 1.50,    48.30,
208,1264,B,  6,H,    4, 1.50, 1.50,    49.80,
208,1264,B,  6,H,    5, 1.50, 1.50,    51.30,
208,1264,B,  6,H,    6, 1.50, 1.50,    52.80,
208,1264,B,  6,H,    7, 0.53, 0.53,    54.30,
208,1264,B,  6,H,CC(7), 0.16, 0.16,    54.83,
208,1264,B,  7,H,    1, 1.50, 1.50,    54.80,
208,1264,B,  7,H,    2, 1.50, 1.50,    56.30,
208,1264,B,  7,H,    3, 1.50, 1.50,    57.80,
208,1264,B,  7,H,    4, 1.50, 1.50,    59.30,
208,1264,B,  7,H,    5, 1.50, 1.50,    60.80,
208,1264,B,  7,H,    6, 1.50, 1.50,    62.30,
208,1264,B,  7,H,    7, 0.56, 0.56,    63.80,
208,1264,B,  7,H,CC(N), 0.10, 0.10,    64.36,"0/0 All to PAL."
208,1264,B,  8,H,    1, 1.50, 1.50,    64.30,
208,1264,B,  8,H,    2, 1.50, 1.50,    65.80,
208,1264,B,  8,H,    3, 1.50, 1.50,    67.30,
208,1264,B,  8,H,    4, 1.50, 1.50,    68.80,
208,1264,B,  8,H,    5, 1.50, 1.50,    70.30,
208,1264,B,  8,H,    6, 1.50, 1.50,    71.80,
208,1264,B,  8,H,    7, 0.42, 0.42,    73.30,
208,1264,B,  8,H,CC(7), 0.22, 0.22,    73.72,
208,1264,B,  9,H,    1, 1.50, 1.50,    73.80,
208,1264,B,  9,H,    2, 1.50, 1.50,    75.30,
208,1264,B,  9,H,    3, 1.50, 1.50,    76.80,
208,1264,B,  9,H,    4, 1.50, 1.50,    78.30,
208,1264,B,  9,H,    5, 1.50, 1.50,    79.80,
208,1264,B,  9,H,    6, 1.50, 1.50,    81.30,
208,1264,B,  9,H,    7, 0.78, 0.78,    82.80,
208,1264,B,  9,H,CC(7), 0.15, 0.15,    83.58,
208,1264,B, 10,H,    1, 1.50, 1.50,    83.30,
208,1264,B, 10,H,    2, 1.50, 1.50,    84.80,
208,1264,B, 10,H,    3, 1.50, 1.50,    86.30,
208,1264,B, 10,H,    4, 1.50, 1.50,    87.80,
208,1264,B, 10,H,    5, 1.39, 1.39,    89.30,
208,1264,B, 10,H,    6, 1.50, 1.50,    90.69,
208,1264,B, 10,H,    7, 0.87, 0.87,    92.19,
208,1264,B, 10,H,CC(7), 0.22, 0.22,    93.06,
208,1264,B, 11,H,    1, 0.81, 0.81,    92.80,"Other: material extruded from core barrel into half liner."
208,1264,B, 11,H,    2, 1.50, 1.50,    93.61,
208,1264,B, 11,H,    3, 1.50, 1.50,    95.11,
208,1264,B, 11,H,    4, 1.50, 1.50,    96.61,
208,1264,B, 11,H,    5, 1.50, 1.50,    98.11,
208,1264,B, 11,H,    6, 1.50, 1.50,    99.61,
208,1264,B, 11,H,    7, 1.00, 1.00,   101.11,
208,1264,B, 11,H,    8, 0.59, 0.59,   102.11,
208,1264,B, 11,H,CC(8), 0.15, 0.15,   102.70,
208,1264,B, 12,H,    1, 0.53, 0.53,   102.30,"Crushed Liner."
208,1264,B, 12,H,    2, 1.50, 1.50,   102.83,
208,1264,B, 12,H,    3, 1.50, 1.50,   104.33,
208,1264,B, 12,H,    4, 1.50, 1.50,   105.83,
208,1264,B, 12,H,    5, 1.50, 1.50,   107.33,
208,1264,B, 12,H,    6, 1.50, 1.50,   108.83,
208,1264,B, 12,H,    7, 1.21, 1.21,   110.33,
208,1264,B, 12,H,CC(7), 0.16, 0.16,   111.54,
208,1264,B, 13,H,    1, 1.50, 1.50,   111.80,
208,1264,B, 13,H,    2, 1.50, 1.50,   113.30,
208,1264,B, 13,H,    3, 1.50, 1.50,   114.80,
208,1264,B, 13,H,    4, 1.50, 1.50,   116.30,
208,1264,B, 13,H,    5, 1.50, 1.50,   117.80,
208,1264,B, 13,H,    6, 1.00, 1.00,   119.30,
208,1264,B, 13,H,    7, 0.71, 0.71,   120.30,
208,1264,B, 13,H,CC(7), 0.15, 0.15,   121.01,
208,1264,B, 14,H,    1, 1.50, 1.50,   121.30,
208,1264,B, 14,H,    2, 1.50, 1.50,   122.80,
208,1264,B, 14,H,    3, 1.50, 1.50,   124.30,
208,1264,B, 14,H,    4, 1.50, 1.50,   125.80,
208,1264,B, 14,H,    5, 1.50, 1.50,   127.30,
208,1264,B, 14,H,    6, 1.50, 1.50,   128.80,
208,1264,B, 14,H,    7, 0.88, 0.88,   130.30,
208,1264,B, 14,H,CC(7), 0.15, 0.15,   131.18,
208,1264,B, 15,H,    1, 1.50, 1.50,   130.80,
208,1264,B, 15,H,    2, 1.50, 1.50,   132.30,
208,1264,B, 15,H,    3, 1.50, 1.50,   133.80,
208,1264,B, 15,H,    4, 1.50, 1.50,   135.30,
208,1264,B, 15,H,    5, 1.50, 1.50,   136.80,
208,1264,B, 15,H,    6, 1.00, 1.00,   138.30,
208,1264,B, 15,H,    7, 0.84, 0.84,   139.30,"0/0"
208,1264,B, 15,H, CC(), 0.10, 0.10,   140.14,"All to PAL"
208,1264,B, 16,H,    1, 1.50, 1.50,   140.30,
208,1264,B, 16,H,    2, 1.50, 1.50,   141.80,
208,1264,B, 16,H,    3, 1.50, 1.50,   143.30,
208,1264,B, 16,H,    4, 1.50, 1.50,   144.80,
208,1264,B, 16,H,    5, 1.50, 1.50,   146.30,
208,1264,B, 16,H,    6, 1.20, 1.20,   147.80,
208,1264,B, 16,H,    7, 0.75, 0.75,   149.00,
208,1264,B, 16,H,CC(7), 0.12, 0.12,   149.75,
208,1264,B, 17,H,    1, 1.50, 1.50,   149.80,
208,1264,B, 17,H,    2, 1.50, 1.50,   151.30,
208,1264,B, 17,H,    3, 1.50, 1.50,   152.80,
208,1264,B, 17,H,    4, 1.50, 1.50,   154.30,
208,1264,B, 17,H,    5, 1.50, 1.50,   155.80,
208,1264,B, 17,H,    6, 1.00, 1.00,   157.30,
208,1264,B, 17,H,    7, 1.07, 1.07,   158.30,
208,1264,B, 17,H,CC(7), 0.10, 0.10,   159.37,"All to PAL."
208,1264,B, 18,H,    1, 1.50, 1.50,   159.30,
208,1264,B, 18,H,    2, 1.50, 1.50,   160.80,
208,1264,B, 18,H,    3, 1.50, 1.50,   162.30,
208,1264,B, 18,H,    4, 1.50, 1.50,   163.80,
208,1264,B, 18,H,    5, 1.50, 1.50,   165.30,
208,1264,B, 18,H,    6, 1.20, 1.20,   166.80,
208,1264,B, 18,H,    7, 1.00, 1.00,   168.00,
208,1264,B, 18,H,CC(7), 0.18, 0.18,   169.00,
208,1264,B, 19,H,    1, 1.50, 1.50,   168.80,
208,1264,B, 19,H,    2, 1.50, 1.50,   170.30,
208,1264,B, 19,H,    3, 1.50, 1.50,   171.80,
208,1264,B, 19,H,    4, 1.50, 1.50,   173.30,
208,1264,B, 19,H,    5, 1.50, 1.50,   174.80,
208,1264,B, 19,H,    6, 1.20, 1.20,   176.30,
208,1264,B, 19,H,    7, 0.75, 0.75,   177.50,
208,1264,B, 19,H,CC(7), 0.24, 0.24,   178.25,
208,1264,B, 20,H,    1, 1.50, 1.50,   178.30,
208,1264,B, 20,H,    2, 1.50, 1.50,   179.80,
208,1264,B, 20,H,    3, 1.50, 1.50,   181.30,
208,1264,B, 20,H,    4, 1.50, 1.50,   182.80,
208,1264,B, 20,H,    5, 1.50, 1.50,   184.30,
208,1264,B, 20,H,    6, 1.00, 1.00,   185.80,
208,1264,B, 20,H,    7, 0.59, 0.59,   186.80,
208,1264,B, 20,H,CC(7), 0.22, 0.22,   187.39,
208,1264,B, 21,H,    1, 1.50, 1.50,   187.80,
208,1264,B, 21,H,    2, 1.50, 1.50,   189.30,
208,1264,B, 21,H,    3, 1.50, 1.50,   190.80,
208,1264,B, 21,H,    4, 1.50, 1.50,   192.30,
208,1264,B, 21,H,    5, 1.50, 1.50,   193.80,
208,1264,B, 21,H,    6, 1.50, 1.50,   195.30,
208,1264,B, 21,H,    7, 0.68, 0.68,   196.80,
208,1264,B, 21,H,CC(7), 0.18, 0.18,   197.48,
208,1264,B, 22,H,    1, 1.50, 1.50,   197.30,
208,1264,B, 22,H,    2, 1.50, 1.50,   198.80,
208,1264,B, 22,H,    3, 1.50, 1.50,   200.30,
208,1264,B, 22,H,    4, 1.50, 1.50,   201.80,
208,1264,B, 22,H,    5, 1.50, 1.50,   203.30,
208,1264,B, 22,H,    6, 1.50, 1.50,   204.80,
208,1264,B, 22,H,    7, 0.71, 0.71,   206.30,
208,1264,B, 22,H,CC(7), 0.22, 0.22,   207.01,
208,1264,B, 23,H,    1, 1.50, 1.50,   206.80,
208,1264,B, 23,H,    2, 1.50, 1.50,   208.30,
208,1264,B, 23,H,    3, 1.50, 1.50,   209.80,
208,1264,B, 23,H,    4, 1.50, 1.50,   211.30,
208,1264,B, 23,H,    5, 1.50, 1.50,   212.80,
208,1264,B, 23,H,    6, 1.50, 1.50,   214.30,
208,1264,B, 23,H,    7, 0.53, 0.53,   215.80,
208,1264,B, 23,H,CC(7), 0.10, 0.10,   216.33,"All to PAL."
208,1264,B, 24,H,    1, 1.50, 1.50,   216.30,
208,1264,B, 24,H,    2, 1.50, 1.50,   217.80,
208,1264,B, 24,H,    3, 1.50, 1.50,   219.30,
208,1264,B, 24,H,    4, 1.50, 1.50,   220.80,
208,1264,B, 24,H,    5, 1.50, 1.50,   222.30,
208,1264,B, 24,H,    6, 1.50, 1.50,   223.80,
208,1264,B, 24,H,    7, 0.88, 0.88,   225.30,
208,1264,B, 24,H,CC(7), 0.15, 0.15,   226.18,
208,1264,B, 25,H,    1, 1.50, 1.50,   225.80,
208,1264,B, 25,H,    2, 1.50, 1.50,   227.30,
208,1264,B, 25,H,    3, 1.50, 1.50,   228.80,
208,1264,B, 25,H,    4, 1.50, 1.50,   230.30,
208,1264,B, 25,H,    5, 1.50, 1.50,   231.80,
208,1264,B, 25,H,    6, 1.50, 1.50,   233.30,
208,1264,B, 25,H,    7, 0.71, 0.71,   234.80,
208,1264,B, 25,H,CC(7), 0.13, 0.13,   235.51,
208,1264,B, 26,H,    1, 1.50, 1.50,   235.30,
208,1264,B, 26,H,    2, 1.50, 1.50,   236.80,
208,1264,B, 26,H,    3, 1.50, 1.50,   238.30,
208,1264,B, 26,H,    4, 1.50, 1.50,   239.80,
208,1264,B, 26,H,    5, 1.50, 1.50,   241.30,
208,1264,B, 26,H,    6, 1.50, 1.50,   242.80,
208,1264,B, 26,H,    7, 0.59, 0.59,   244.30,
208,1264,B, 26,H,CC(7), 0.42, 0.42,   244.89,
208,1264,B, 27,H,    1, 1.50, 1.50,   244.80,
208,1264,B, 27,H,    2, 1.50, 1.50,   246.30,
208,1264,B, 27,H,    3, 1.50, 1.50,   247.80,
208,1264,B, 27,H,    4, 1.50, 1.50,   249.30,
208,1264,B, 27,H,    5, 1.50, 1.50,   250.80,
208,1264,B, 27,H,    6, 1.50, 1.50,   252.30,
208,1264,B, 27,H,    7, 0.78, 0.78,   253.80,
208,1264,B, 27,H,CC(7), 0.12, 0.12,   254.58,
208,1264,B, 28,H,    1, 1.50, 1.50,   254.30,
208,1264,B, 28,H,    2, 1.50, 1.50,   255.80,
208,1264,B, 28,H,    3, 1.50, 1.50,   257.30,
208,1264,B, 28,H,    4, 1.50, 1.50,   258.80,
208,1264,B, 28,H,    5, 1.50, 1.50,   260.30,
208,1264,B, 28,H,    6, 1.00, 1.00,   261.80,
208,1264,B, 28,H,    7, 0.58, 0.58,   262.80,
208,1264,B, 28,H,CC(7), 0.17, 0.17,   263.38,
208,1264,B, 29,H,    1, 1.50, 1.50,   263.80,
208,1264,B, 29,H,    2, 1.50, 1.50,   265.30,
208,1264,B, 29,H,    3, 1.50, 1.50,   266.80,
208,1264,B, 29,H,    4, 1.50, 1.50,   268.30,
208,1264,B, 29,H,    5, 1.50, 1.50,   269.80,
208,1264,B, 29,H,    6, 1.50, 1.50,   271.30,
208,1264,B, 29,H,    7, 0.62, 0.62,   272.80,"0/0"
208,1264,B, 29,H,CC(7), 0.10, 0.10,   273.42,"All to PAL."
208,1264,B, 30,H,    1, 1.50, 1.50,   273.30,
208,1264,B, 30,H,    2, 1.50, 1.50,   274.80,
208,1264,B, 30,H,    3, 1.50, 1.50,   276.30,
208,1264,B, 30,H,    4, 1.50, 1.50,   277.80,
208,1264,B, 30,H,    5, 1.50, 1.50,   279.30,
208,1264,B, 30,H,    6, 1.50, 1.50,   280.80,
208,1264,B, 30,H,    7, 0.76, 0.76,   282.30,
208,1264,B, 30,H,CC(7), 0.13, 0.13,   283.06,
208,1264,C,  1,H,    1, 1.45, 1.45,     0.00,
208,1264,C,  1,H,    2, 1.37, 1.37,     1.45,
208,1264,C,  1,H,   CC, 0.18, 0.18,     2.82,
